"","Artist"
"1","H.O.T."
"127","SECHSKIES"
"260","S.E.S."
"368","Fin.K.L"
"471","Shinhwa"
"710","Click-B"
"791","god"
"1004","MBLAQ"
"1095","BoA"
"1440","Jewelry"
"1467","BIGBANG"
"1863","SNSD"
"1998","TVXQ"
"2395","SS501"
"2451","Super Junior"
"2966","KARA"
"3015","Wonder Girls"
"3073","SHINee"
"3457","2PM"
"3675","INFINITE"
"3823","f(x)"
"3880","2NE1"
"4037","Miss A"
"4064","SISTAR"
"4108","PSY"
"4175","EXO"
"4492","NU'EST"
"4523","VIXX"
"4586","BTS"
"4845","GOT7"
"5011","Red Velvet"
"5080","TWICE"
"5244","BLACKPINK"
"5317","GFRIEND"
"5378","SEVENTEEN"
"5434","MONSTA X"
"5592","NCT 127"
"5729","Wanna One"
"5749","Cosmic Girls (WJSN)"
"5759","TXT"
"5796","ITZY"
"5819","Stray Kids"
"5934","ATEEZ"
"5990","LOONA"
"6010","MAMAMOO"
"6087","BTOB"
"6133","DREAMCATCHER"
"6158","Yerin Baek"
"6197","TAEYEON"
"6263","IU"
"6340","MINO"
"6374","YUJU"
"6398","Astro"
"6418","JEON SOMI"
"6426","CHUNG HA"
"6447","Rain"
"6548","IZ*ONE"
"6573","4Minute"
"6593","AOA"
"6614","Apink"
"6653","DEAN"
"6660","PENTAGON"
"6690","TAEMIN"
"6746","SEUNGRI"
"6755","A.C.E"
"6773","WINNER"
"7022","Hyolyn"
"7040","EXID"
"7089","G-Dragon"
"7202","HEIZE"
"7213","GRAY"
"7224","iKON"
"7589","TAEYANG"
"7669","Crush"
"7692","Dok2(도끼)"
"7783","The Quiett"
"7908","Beenzino"
"7919","Basick"
"8011","Dynamicduo"
"8109","Gaeko"
"8126","Drunken Tiger "
"8232","Swings"
"8409","Epik High"
"8645","BewhY"
"8679","San E"
"8724","Hash Swan"
"8737","Reddy"
"8790","Simon Dominic"
"8808","Sik-K"
"8848","NO:EL"
"8884","Kid Milli"
"8917","Coogie"
"8935","Nafla"
"9002","DPR LIVE"
"9031","GIRIBOY"
"9097","Loopy"
"9174","BOBBY"
"9201","Jay Park"
"9320","Jessi"
"9328","CL"
"9339","Woo (우원재)"
"9348","ASH ISLAND"
"9359","PENOMECO"
"9369","Nucksal"
"9393","Junoflo"
"9424","B.I"
"9443","RM"
"9450","Tiger JK (he was part of Drunken Tiger)"
"9468","pH-1"
"9480","Paloalto"
"9610","JUSTHIS"
"9653","OLNL"
"9684","SuperM"
"9706","G2"
"9751","Sway D"
"9758","YunB"
"9784","Huckleberry P"
"9817","Odee"
"9827","BLOO"
"9848","Owen"
"9945","CHANGMO"
"9975","Loco"
"9986","EK"
"9994","punchnello"
"10005","Keem Hyo-Eun"
"10015","KillaGramz"
"10023","CODE KUNST"
"10086","Microdot"
"10214","DEEPFLOW"
"10265","VINXEN"
"10299","Don Mills"
"10330","C JAMM"
"10354","Wonstein"
"10373","Mommy Son"
"10389","YUMDDA"
"10431","Khundi Panda"
"10474","lIlBOI (lilboi)"
"10492","Mirani"
"10499","Zion.T"
"10518","B.A.P."
"10544","F.T. Island"
"11385","CNBLUE"
"11908","Cheetah"
"11926","Nell"
"12011","Jaurim"
"12240","O.O.O"
"12257","Hyukoh"
"12269","Buzz"
"12341","Bursters"
"12369","Guckkasten"
"12414","Uneducated Kid"
"12452","homieduel"
"12476","Jonghyun"
"12521","Seo Taiji and Boys"
"12579","Seotaiji"
"12700","Ailee"
"12755","LeeHi"
"12774","Eric nam"
"12789","Akmu"
"12831","Sam Kim"
"12839","Jung Seung Hwan"
"12849","DAVICHI"
"12928","Roy Kim"
"12955","Kim Na Young"
"12983","Park Boram"
"12990","Eddy Kim"
"12997","SOYOU"
"13037","Kim Bum Soo"
"13183","Sung Si Kyung"
"13353","Huh Gak"
"13376","Hwang Chi Yeul"
"13399","Baek Ji Young"
"13489","Lyn"
"13581","Kim Tae Woo"
"13640","K.Will"
"13707","SG Wannabe"
"13786","M.C the Max"
"13952","Lee Seung Gi"
"14027","Kim Jong Kook"
"14104","Lim Changjung"
"14321","KCM"
"14430","Kim Dong Ryul"
"14597","Ha Dong Qn"
"14627","Lee Soo Young"
"14916","DJ DOC"
"15027","MC MONG"
"15131","LEE SEUNG HWAN"
"15276","Lee Seung Chul "
"15463","2AM"
"15508","BEN"
"15525","Yoon Jong Shin"
"15720","Han Dong Geun"
"15737","Yang Da Il"
"15760","John Park"
"15771","The Cross"
"15785","BAEKHYUN"
"15792","Lee Hyori"
"15847","J.Y.Park"
"15883","Brown Eyed Girls"
"16001","Yoon Mirae"
"16078","Song Ga In"
"16149","Samuel Seo"
"16220","Oceanfromtheblue"
"16281","DPR IAN"
"16300","WONHO"
"16316","JUNNY"
